{"stats":{"minecraft:mined":{"minecraft:grass":3,"minecraft:acacia_log":7,"minecraft:grass_block":1,"minecraft:dirt_path":7,"immersive_weathering:grassy_earthen_clay":3,"minecraft:sugar_cane":1},"minecraft:picked_up":{"minecraft:stick":2,"alexsmobs:acacia_blossom":1,"minecraft:acacia_log":7,"minecraft:porkchop":1,"minecraft:dirt":8,"duneons:coin":2,"minecraft:rotten_flesh":1,"immersive_weathering:earthen_clay":3,"minecraft:wheat_seeds":1,"duneons:featherblue":1,"minecraft:sugar_cane":3,"duneons:smallbow":1,"minecraft:acacia_sapling":1},"minecraft:custom":{"minecraft:time_since_rest":0,"minecraft:sprint_one_cm":16607,"minecraft:damage_taken":121,"minecraft:walk_one_cm":20808,"minecraft:mob_kills":1,"minecraft:drop":1,"minecraft:damage_dealt":155,"minecraft:interact_with_crafting_table":1,"minecraft:fly_one_cm":17801,"minecraft:open_chest":3,"minecraft:crouch_one_cm":587,"minecraft:play_time":5901,"minecraft:sneak_time":185,"minecraft:jump":93,"minecraft:leave_game":1,"minecraft:time_since_death":5901,"minecraft:sleep_in_bed":1,"minecraft:total_world_time":5901,"minecraft:fall_one_cm":2480},"minecraft:used":{"immersive_weathering:earthen_clay":3,"minecraft:bread":1,"minecraft:wooden_sword":4,"minecraft:dirt":5,"minecraft:crafting_table":1},"minecraft:crafted":{"minecraft:wooden_sword":1,"minecraft:crafting_table":1,"minecraft:stick":4,"minecraft:acacia_planks":12},"minecraft:dropped":{"alexsmobs:acacia_blossom":1},"minecraft:killed":{"duneons:pigchest":1}},"DataVersion":3465}