{"stats":{"minecraft:mined":{"minecraft:grass":1,"minecraft:acacia_log":4},"minecraft:picked_up":{"minecraft:acacia_log":4},"minecraft:custom":{"minecraft:jump":34,"minecraft:open_chest":6,"minecraft:time_since_rest":2628,"minecraft:damage_dealt":10,"minecraft:sprint_one_cm":10178,"minecraft:play_time":6898,"tombstone:undead_killed":1,"minecraft:time_since_death":6898,"minecraft:walk_one_cm":16678,"minecraft:sleep_in_bed":1,"minecraft:total_world_time":6898,"minecraft:mob_kills":1,"minecraft:fall_one_cm":418,"minecraft:fly_one_cm":4529,"minecraft:open_barrel":2},"minecraft:used":{"minecraft:bread":1},"minecraft:killed":{"minecraft:zombie":1}},"DataVersion":3465}