{"stats":{"minecraft:mined":{"minecraft:hay_block":14,"minecraft:acacia_leaves":1,"minecraft:iron_ore":2,"minecraft:crafting_table":2,"minecraft:blast_furnace":2,"minecraft:grass":12,"minecraft:acacia_log":16,"minecraft:stripped_acacia_log":1,"farmersdelight:wild_tomatoes":2,"minecraft:stone":21,"dawnoftimebuilder:wild_maize":1},"minecraft:picked_up":{"minecraft:stick":3,"minecraft:raw_iron":2,"minecraft:crafting_table":2,"immersive_weathering:acacia_bark":1,"minecraft:acacia_log":16,"minecraft:porkchop":1,"farmersdelight:tomato_seeds":2,"minecraft:blast_furnace":2,"farmersdelight:tomato":1,"duneons:coin":2,"minecraft:stripped_acacia_log":1,"minecraft:rotten_flesh":4,"minecraft:wheat_seeds":1,"dawnoftimebuilder:maize":1,"duneons:featherblue":1,"minecraft:hay_block":14,"minecraft:emerald":1,"duneons:smallbow":1,"minecraft:acacia_sapling":1,"minecraft:cobblestone":21},"minecraft:custom":{"minecraft:time_since_rest":3090,"minecraft:sprint_one_cm":48176,"minecraft:damage_taken":111,"minecraft:walk_one_cm":24765,"minecraft:mob_kills":2,"minecraft:drop":2,"minecraft:damage_dealt":296,"minecraft:interact_with_cartography_table":1,"minecraft:talked_to_villager":2,"minecraft:interact_with_crafting_table":4,"minecraft:fly_one_cm":33004,"minecraft:open_barrel":6,"minecraft:open_chest":6,"minecraft:crouch_one_cm":455,"minecraft:play_time":11589,"tombstone:undead_killed":1,"minecraft:interact_with_campfire":4,"minecraft:sneak_time":234,"minecraft:jump":166,"minecraft:interact_with_blast_furnace":1,"minecraft:walk_on_water_one_cm":292,"minecraft:time_since_death":11589,"minecraft:sleep_in_bed":1,"minecraft:interact_with_smoker":6,"minecraft:total_world_time":11589,"minecraft:fall_one_cm":3445},"minecraft:used":{"farmersdelight:iron_knife":10,"minecraft:stone_sword":1,"dawnoftimebuilder:maize":1,"minecraft:acacia_log":4,"minecraft:bread":2,"minecraft:stone_pickaxe":4,"minecraft:stone_axe":20,"minecraft:crafting_table":2,"minecraft:cooked_porkchop":1,"minecraft:acacia_planks":1},"minecraft:crafted":{"minecraft:cooked_porkchop":4,"minecraft:crafting_table":1,"minecraft:stick":8,"minecraft:stone_pickaxe":1,"minecraft:stone_sword":1,"minecraft:acacia_planks":52,"minecraft:stone_axe":1,"minecraft:cooked_mutton":3,"minecraft:air":0,"minecraft:bread":42,"minecraft:wheat":126},"minecraft:dropped":{"farmersdelight:tomato_seeds":2,"minecraft:wheat_seeds":1},"minecraft:killed":{"minecraft:zombie":1,"duneons:pigchest":1}},"DataVersion":3465}